{"version":1,"hash":{"type":"Buffer","data":"/sg8z+2iawrFe9Q2vjfi7OKIQTqZcyp7LIz/uZJAVqHNXHIuAF7CUdVFqTpmZ+pswb2buHiX5WQ5WSLQcz5wqAZIpk+YaymCjFOt7kAarE3p/hw/VcEezewvBOcU5e5SMu9Gw+sL2vsrdC+tRIUvogMqWWQ/pMgRJXFgCxRffq8="},"indexValueMap":{"ALKjvx1T552hoWe7mnj3f/I6djscbos6qQFL6aR1JgQ=":{"valueMac":{"type":"Buffer","data":"Qehc1bu8a5+lBlwSeaQB6kPle0fv727ilo2/wv+kGTU="}},"c8yQ5ZNPcq1vtE5ER8jg0OC8E+n8p0uFNaJSlnARe6A=":{"valueMac":{"type":"Buffer","data":"94KXnq4gt+KAQ2t0jg9D5kxsSWyZXhALC9KE3F1eXis="}},"mgPaglahP2mpL3LqyM7kyYkvSH63fJ+sUKhmjsSP+WQ=":{"valueMac":{"type":"Buffer","data":"3lqNkdqHIEjjm7swJdVEBdAOGh+qs+7ls6MJ+3KQEp8="}}}}