{"version":1,"hash":{"type":"Buffer","data":"qzNUcB0J8ZgzvQApozhS+JzL6AUoR0rgZCFn+OzKzhJ9bbbwozw4NAeIiC11qIBEihX5oMIgDyzk+4EpNbgKpxDv5Z83a2r+uoQlP95HoN+aHE6/FWZlLSfsn39tgzqY3K7SNkFhT2mKFmcxKd1cOWxD+X7vcIgw68+BUDIoMEs="},"indexValueMap":{"2mkADN0VP1xsVFyJO+XpDelR+c6IwwdP1Oo6VBsoWQk=":{"valueMac":{"type":"Buffer","data":"YKzbOLH9TNpKbMiqbJu4T+K+P10Mx42CO1x2CxThsS0="}},"ahB6FfHNcVmrf5OKGBzpAHdZmLpN/rhdbdw69owwhNo=":{"valueMac":{"type":"Buffer","data":"csUqh9i7AdAEcvcom2TMC2C9GDLJLB3LH97qOpcix5E="}},"CFDrus5yDtit9M6GXS6aHfhHNMXe7xcIIOU3rkshWz4=":{"valueMac":{"type":"Buffer","data":"hD0Cx3zA1WMtkKGYwpHTR4qBJFttjQFK1l3pOD6VaAE="}},"83z9/APU7EtPAlJWvNkTcvSEjZBPzuzzQN4Sol28kbI=":{"valueMac":{"type":"Buffer","data":"AXMt6uDrVC1X+71RRz86W1KhNw8Hv2pMs9pu9F48brE="}},"QNaMZX+JnSiZPPEI/py9gSef+3P7kSUCZkplQ2Pe7TA=":{"valueMac":{"type":"Buffer","data":"E8okAtygTopotngs7/68uLHpdqSKfOK1KdiSuKwJu3o="}},"1MXxolRP8kMN4BilKWWM53jnUVmjFBDY7cBx1KH6nLw=":{"valueMac":{"type":"Buffer","data":"68yFbdh9/CeNaiJ9ZZLIeJ+YeVQ5WBw+WpdVGI7JTbs="}},"fRpIk2vKOQRacNDQ01WVDeWN0ZdH+PP4LD3G/rhKRNo=":{"valueMac":{"type":"Buffer","data":"RaUegRr+lKJJxunGUT0DWAtMd+uS0dlb/fIoOKIxlmk="}},"BdLn5Hg5OsHFn97DgRu7HE54pRZk5OndZZ5f9skAIR8=":{"valueMac":{"type":"Buffer","data":"niEWyhdwCoRyFMfdCxmo+URgfVLOe31b+co7kSVjtkw="}},"GicwfWzU0VPTGOSoTZ+iR5IrJD8D1VG0bmzhS3uxE8c=":{"valueMac":{"type":"Buffer","data":"WG9uOgLZWZTZaokZElGhTRCn99Q5ttBdWMrwHbpRkKM="}},"XtndRl1BLh185U3BDRj4OjtWXHOQryIzj2m8uWU8/gs=":{"valueMac":{"type":"Buffer","data":"VO1j7eleGAJ4Bjtbxcj1oaV40tmtzaKs8zRpWqlK5ME="}},"BT4CYBkNX3/OpfSl45Cwb8s99Ty2A9H+VozHUhiXE1g=":{"valueMac":{"type":"Buffer","data":"PNlbjpOQ1+3yQYt2PHoWFjiZzenXq73NxfiVLjdU3RQ="}},"PcmRAUqt/eIKj8AOgOyqvvlrperHnoGN2T/rx24dzmg=":{"valueMac":{"type":"Buffer","data":"n0KByOOc/74b5RW9fAdMSOQTiJE8IJ2W26JQc7M0usg="}},"OkhMOnPNysMLA2zTv0SlMU3y/dfbbv5R6bL4ZtmfOo4=":{"valueMac":{"type":"Buffer","data":"5T4TAD/DRSsSiKy+f52jW0tB/hz2q8nnFGO2kYhKPwM="}},"n/ILrJJbhh5fJTPcrsU92+8V6T3e+P/LaB/k2ZhG2aE=":{"valueMac":{"type":"Buffer","data":"LakIr54rWBitEiE89go3/P2ZS2r8TKLr07DygaZyg5s="}},"NCLN6fdN11yMWsBvS85MWwtxB8QXYaXITX4UEkG/7Io=":{"valueMac":{"type":"Buffer","data":"RfDttmz8YGD3ozD88r5+wXm3YSftrcU+ct+GUrp7A9c="}},"r4Vk6P3yP3UBGhTg4m7erOPE/F6JDOYaO/p4ayJAFCM=":{"valueMac":{"type":"Buffer","data":"TRVYEK4mUEc6/5UEkPfVvDYAz7Ee8aX+zPmF4EjMJhg="}},"Ut2OOh5y2IVjiLGPy71UAOv/Y0KKQIdf7jFfaOiSZpw=":{"valueMac":{"type":"Buffer","data":"eChHWhWAFiLmEZ+DLoEhJx5A5AaYeE0/fGoT1vU6vkI="}},"LMrlMHnilZCpD6gttxmWR7PiarqvO+BEQTZzyje7SPs=":{"valueMac":{"type":"Buffer","data":"/7k/4BE9/TNHoANpRundCuNj05DwQpjtlGNK1bv9eao="}},"GLVG9tcEANhsfDTU+/2n8p3McL4sGVNCuwuDjgK7KbY=":{"valueMac":{"type":"Buffer","data":"hsCnlgqHDADGamNp/OzN6Ch0YICLR1sSFyQXU3XxHmI="}},"eX1zNDYRUzoGPLExYEpHWJv7Pmlm9o3Cfnj01GypV+c=":{"valueMac":{"type":"Buffer","data":"6hHmuUhXTYNsG9GP6JKW9kRDDdyRdNq5xcqp8H58/OM="}},"K0L0sjRvr3ot9r61dYGGy5rp2A5FJhPqaQ7wDzoW6yU=":{"valueMac":{"type":"Buffer","data":"uJsnhFj48/OiFMq918Qk85mRJl8Cuk/d/YeoqCuyf18="}},"HvWJTzyoqYmqstY83Fd/z7MkK3F1fYFdrnIMSzvrL+8=":{"valueMac":{"type":"Buffer","data":"mNim0bqa3FqjWm4hTbdUOqJ1dRdCRv9LjNgoR9AsUcc="}},"nY8/IB6vbDvXeGf4QD+T+tu9bP4JtKvJBUAYb9fX+L8=":{"valueMac":{"type":"Buffer","data":"DFzejhSakTQpggl8mfFwxOV27dL/BVE/lgkMk3zpBUA="}},"R8io9H77kFzLTxzJUJsNEDc3E0RDuWcpLQ7r4INs+/Q=":{"valueMac":{"type":"Buffer","data":"sMxv8xS0hJ8f5bzRr7RxaSDcQOltriToyZXYBE6TDa0="}},"ZRTPwyck6bf08LN7i2T/UXL87s7pcvxuhccM29D6aQQ=":{"valueMac":{"type":"Buffer","data":"hYJOP54q0W5/nTqseJZP0Md1TgK0AEO0ufrI4nLOHe4="}},"Rfkb9+R0Rx9Q0mKkojSvwfXuJ2fsFD4e4n6nfIG3ML4=":{"valueMac":{"type":"Buffer","data":"KsMaOC1X9A9yqKBTZtGs2GyJC28pnC8ScHxiY898SV0="}},"D673cHXDPDFv3umSak1mLGkjxr8QUVP4jeMYxxdPP2s=":{"valueMac":{"type":"Buffer","data":"jhuEB6/2gc4Tm5rsnicjbPLnuVXHFX+c2GMloRQivKY="}},"9e46XVka5oIZB4+locxjFHGo+CNPasf3KJwY1PhdyG4=":{"valueMac":{"type":"Buffer","data":"pputBnv2zi3f4BG/W8cg+9ejQuDrkwQoAVwWMy+refQ="}},"mNcK8HScaiOKezryosJl/hnujfQWpStAInnSCQ8nyu8=":{"valueMac":{"type":"Buffer","data":"MOWzSTZiQXQGqJVebfKVgj7Ic+tZUYmO/rn74N3Gqyg="}},"AGps8kEQzYWB9tNmEuNxXgZZgBdK1GC1SNJMD3l4MH8=":{"valueMac":{"type":"Buffer","data":"P43Y3SeCXHZytY9v/hx7EtF5Edzzdc1Z4LZdbB/rTsA="}},"GvP95eI2Uj1rzYynOYh0GUgbrrZLyxQ1J2DyycxmpJo=":{"valueMac":{"type":"Buffer","data":"DHQs9najM5JP/W4TwamgSOxdnRriUZxbB4wV0aI5S88="}},"2dQpbcpSsZ57URLRejhSfrid+uS6uhYd4QcyHNDz6TA=":{"valueMac":{"type":"Buffer","data":"lmcKemE1Z37tjVOc/oA/wOQYuMPTU5UHsIxY43hAkkA="}},"rKN9SWXEaD25QwOm/14FIHnxunTo1Wz1zKs64tQzBow=":{"valueMac":{"type":"Buffer","data":"tgk5N3fxn9cMF5/g22dI3BJfjfBI28kgR7HDyPb5r+g="}},"SvUJkteQGY4zkN1Yee2CmpwhfqmOiwmsz8xsTYNI6Rk=":{"valueMac":{"type":"Buffer","data":"qFn4dWt5Po+baJ4JAkDX1YNtMsmg+BMy5i9SDLSLLDg="}},"Qr1/liKI+V3QreHI1EYdcgehgaUf1j87tkN7/A8UpL8=":{"valueMac":{"type":"Buffer","data":"EKNeL4HuGoQo9ChgUYI2Qv6WPMfGamnEacD+76ZOA/4="}},"k5o15tNRLXJECpgnxfvA27s4MLdWcuj2Ddd0wr0AY48=":{"valueMac":{"type":"Buffer","data":"eSSmhO6M6XHrTqk4BqQuxZ9exUWEd2Zd6GwNmRl31Ag="}},"Sa5nZ/MsYnAL6Q5BxIcQ5iQVvAVdlYoScKmQ2yqORS4=":{"valueMac":{"type":"Buffer","data":"a88ilgdU+Odd5qr3iAluA3Hx8RIXVZ4uTb0273SKAu4="}},"e3mfuqYGMWB5dgM3mH+uqnHCu7KhxPt4ih+yT4IU+Ew=":{"valueMac":{"type":"Buffer","data":"dEs776oGYwDqsvu+0mAl9H42pXExbz+fX0d3qx22zec="}},"t5/ne2R+5ajQN+JRh+7dOGncRJD8k4ZpR1zijWB5rpQ=":{"valueMac":{"type":"Buffer","data":"BH9YLkfgPLTFQqWoXuqHtZHOoubatbxHgfio33f2X0g="}},"NPJekGanMrrIG0PZ81NR9ygbg2ATfP/jZvU0qBxeMD4=":{"valueMac":{"type":"Buffer","data":"mbiOMzpaFHBgvMxrJpzTsMxkv3eCZUv1BXwNkbkYhEI="}},"85JK2TUlf3XN1rvRyYlrl2JLqByEHHbstfZ8R9rwOGU=":{"valueMac":{"type":"Buffer","data":"og1NGHGWpqKj+pHTkVABJ/Vyo0vg5vjm54PTUs2Yclc="}},"WIWLwITnictjc4RnSd43kBWLgjw8tmonKl54Yo4MYY4=":{"valueMac":{"type":"Buffer","data":"8h3Tpp2I4AUek7Uw9PQML8tENhrPpn3fRteFH1DM2Kw="}},"sGlCsjoG+eI+3QsZPJy34zcmlM9dHHdtsMfmW/sr7yc=":{"valueMac":{"type":"Buffer","data":"1eTexCvnSIkacQPYp6vX5LsBoA8PFrZbWsIrQdZy+ys="}},"oQdrZ3b3ZSUZYB6AqiPGVXyIlgSPsvcQITVv3tTnKEk=":{"valueMac":{"type":"Buffer","data":"uYpvnNecCWyxqH5AjE/768BCUKXmpfuox7thL+pJ/a0="}},"PzoUk5FL/hWw4NFndIm6/6EQbeOPpx7KDQmX3lNF3b4=":{"valueMac":{"type":"Buffer","data":"/mdyvGD6m1K7GxxQSwXKU44Hr9XgputAM2MFkYqkQyc="}},"kgR1uwhuRy/ZuDea1ZnFFGKi6aHn12jLrQvYLwVw7Jc=":{"valueMac":{"type":"Buffer","data":"ZHSbnjr+opslPpZLj6Y0NDl7VVQU21evfwhT53vzssI="}},"8R6gFeXYiDPex6vipqq1bMtxOOzHfEXSuSXoy8fgIKE=":{"valueMac":{"type":"Buffer","data":"WS9ecolM+Yw9xwXPsBYubGsRrSmo+p6wHbSYwlLxaRQ="}},"Iu/Wcc0Y+DjokanoWO5vFxOTNLwkwHlJeLgBT/Hd/ps=":{"valueMac":{"type":"Buffer","data":"7BwrV6COivjsyZB3Ad/AJrO2Q4ky7uEwuHL3oImm0Lc="}},"T1+a3PH1J+XGAMGJzfsZxYmOPe8l3dey4GSWwksnDko=":{"valueMac":{"type":"Buffer","data":"nH4uka//yQHo3ErofDxx57bN8AgTbiOkZSF5dpgUGGU="}},"dKPYhiyrUceNjbdqUrk9CjJy6gWg5r2fY4aqm5UY8Ks=":{"valueMac":{"type":"Buffer","data":"ypqIGQjO4joUSWNVRiqC76pLv8Og7Zq49D/3/XiAxSY="}},"VuBTgMgkJovFNWtO3SDK7ljGcxtFXkTTp5LSlpHZlTg=":{"valueMac":{"type":"Buffer","data":"82JphKrfD3wZgUtI92wPfpritePBcx7+9tpRU/pwhgM="}},"imz/s4yOs475pt84kSriackSQgwlIMWYcGJsMaapoQI=":{"valueMac":{"type":"Buffer","data":"KAmH/xxCQZ74ce5VCymPIgyXX598hZxyo3OQh17eO5k="}},"iBFqa+JYuG+BXFdGDtja2LGWWpG7CmebriIHN/HSmYc=":{"valueMac":{"type":"Buffer","data":"wCewVxC3RU979QHZmewFMQ3TGlY8Fivmv8p/GhW8HQw="}},"cNLo2+IrluwVP61bia84ZGpIJLVISVlvVeRl/NYbaTE=":{"valueMac":{"type":"Buffer","data":"KoaqKm48GgX5HOgZH4AgC8pgfYkUZR0svTz64X/KZak="}},"UzznezbCVew8glbnHU2ln2OcFQSpm0sBogtY25WXuDw=":{"valueMac":{"type":"Buffer","data":"6bBGj0FoDKlAFNQau3vq6L97nAjnjwkoXnammRu9+IE="}},"MK4SQBvyN4sKgpv6+koSd7H+nWl1KCIG92XYYh6SEUw=":{"valueMac":{"type":"Buffer","data":"mEXVRstxzyaDFb+7+sfdMb/mTaCLYBmFKG2G8Cssiwc="}},"jGtusuCBQ6taR+vj6N+D21zF29NJ1IO6AxaJPUP2G8Y=":{"valueMac":{"type":"Buffer","data":"/1vc/T3cUtVpaRLeF7O9ooPwn4khJOMBBjQYx+ngYY0="}},"nY4r211eq6CTu6iL/Dx85+YEVrCvUZtF17FWp1EbuU8=":{"valueMac":{"type":"Buffer","data":"C74n6Ugk0ci0taJdGIqEskLARpa1M2n3iKi5al3RM0o="}},"0ezosuTvidy1OJsQAUMWWludIJ4L6dTaEDNSuz/pphc=":{"valueMac":{"type":"Buffer","data":"0y7MlevfqW/fxL5aX+zuoLZuiKTqebmeu1ftudrGojI="}},"eKmMjl4F5fw6gD47Dr1XvxocrrxOxqTBfHfy+0U59Lc=":{"valueMac":{"type":"Buffer","data":"vuvoTYohwXeyNIukDHAvjEQ+t/OTsPZ1LZT93eNOOtc="}},"Wfb74oe3gYDXBGdFbqZEsSHqqvTygtAmNedQCcfjfI8=":{"valueMac":{"type":"Buffer","data":"ZRu2+8+ySymjem5e8M0WtnvaSyunHsNGJnalk8abBwA="}},"CbqnKqEeSxD2PVXO/6LhpeJxVAwLe2HyEYu7731ymGw=":{"valueMac":{"type":"Buffer","data":"h+FjsHmfjqkPYmThqZaFccyxufy2GuroF74GX3p4VYE="}},"1Y93O+uKXD3s2iXy8X38VixOxsjHHe7xzfCWUkp4tEA=":{"valueMac":{"type":"Buffer","data":"alERW9ycmb10z+gu0w35p8hJuuaoH+jxJ39RQOlnGwc="}},"EzzzusCYnPuwdJRSvCPzdiI0Z61b5CNIKKgk/QUlQ3c=":{"valueMac":{"type":"Buffer","data":"vTbedj6V/2vd7dOajrvCEBKpzOxQcmDGlFJlxMvtMLs="}},"fPiWKf/NAVFSndqSiL+2AVRIS9Zhvh+E03v1iWKHDZM=":{"valueMac":{"type":"Buffer","data":"IW8iTuyzRQMrGf5jIFLgJ7+Le3quexb6dMOahh5tuVc="}},"ReFUcoBg55KxU1vmHzL8RQKFYQw9YFsBeJZ7tcCeq08=":{"valueMac":{"type":"Buffer","data":"/s98h/BpfVp+ffGEVhkYU32Zhmpob5U+14WOgoWbU/w="}},"VTPuYsxDe/AoJvfdJAmbOMe3XxNiIx2zb7M1vkwiOQY=":{"valueMac":{"type":"Buffer","data":"7uWMjmpFELfmev4YhCTGPLZZE+OZTuVz/CexNQVtWvM="}},"DVRf11qMqadvmSVz1ASvQSVc6KWuXxx4RncYKqhDTCg=":{"valueMac":{"type":"Buffer","data":"zCxzP5rMpYpd82Ym9tqcTZx6/W208DpmH6fCFNFF2zw="}},"tqm042pjLc97JYH7cbmopbtaRVdTBh/lDJVkaOkgzN4=":{"valueMac":{"type":"Buffer","data":"IYobLfWygn4NhdZ4NLPJ0vNnPGaF6LK6pEd2WzX2Eug="}},"opbMl4+AFaoy4Pll3koZ7oaCMJV/wB2x+sad5mvZUV8=":{"valueMac":{"type":"Buffer","data":"MJZgBivUALNU7H1HeNyBVYdqRmPkw1ZVmMb95Jc3RBs="}},"EVyYaILid1Dvv2e8HUda1eQISnbzsA1Hgh1oIsRpwXM=":{"valueMac":{"type":"Buffer","data":"MD5BUk8no6Ov/wITbKowi8kY+hBgDbEcgfbYYuv61iA="}},"1g0WUiehCSmzqhj1aK6EQyqj/CpDf0E4Xw5zC92PlFA=":{"valueMac":{"type":"Buffer","data":"S8T4MWRv60um4/y11BxDC4rOSmyOV9JAmIAqZBNk08E="}},"0Lbu3wAe6UVQSYlZQmmcPTdhQMz14OpVDF/rNXpNQ/c=":{"valueMac":{"type":"Buffer","data":"yv6DYSpNh2WVsTcXel9y75bijnN9exRQRyGO3Ocrjbw="}},"fVYmHYRQBpBofH3kDHhAhb8auxIo4M5Qw7G2EKJYIoU=":{"valueMac":{"type":"Buffer","data":"jZXE1mN1Npmj6qb/AXDH1qCl6Z0sDv8BoUdMIFKOhIw="}},"VtjwGSN1xwymMu4qSMxh2bWwgF5FH5JEI0LVFJm+G0k=":{"valueMac":{"type":"Buffer","data":"vsEVTtNe1Y8zOqgdHkVKjtcfD3qEGa65KJ2MmbkXIZ4="}},"Sw0VmEbbX+dvx0nBk1UREdJNfdD2KLkmTtXxYnL3dDg=":{"valueMac":{"type":"Buffer","data":"wD9XWVhpVpz6MLWCiHHz4vhcFOZ9/aTOtagt3AjLLR8="}},"QU7qucM+dg399spk4EjU+716fcIrgoySGRk3YfScGnA=":{"valueMac":{"type":"Buffer","data":"FW1ElqvDwVWxDfUqaq6THEiDVZIS3mYv3WxOEAZDfRw="}},"1Ut4+y/s0vsQ8aluW7uwWwr/xMSKJCbDuedYdEvpwos=":{"valueMac":{"type":"Buffer","data":"5hab3IdbCDSf1tyYRgkiqTdheITBGE3Ldpt5ape1cOo="}},"1803HJo5nsRe8bvReAur8L1Fo/vS77ODzR8FYCsj/1Y=":{"valueMac":{"type":"Buffer","data":"7g/0J1tkZUYbz1l/n+vTdcZ5zmc4uyaG+LQPu5Wb4jE="}},"4fDwlfm0FVat1liFNfl7tWde8pToENI/iKLg78B7qPg=":{"valueMac":{"type":"Buffer","data":"2LGYlqmjYpwFFev56gkKqvrEkjyT/ZZxifjumrHSZ60="}},"LAOzYurS4Ui9THxW9epbqC7eJFHExyGW3tueShW/OzM=":{"valueMac":{"type":"Buffer","data":"cEGdSdc1w9LQIRyNbC9LYn88joVDeLWIniUsdkGP5fk="}},"nrD4wro9fuE8sVN6kMtYWClsSLxH5nm54g4gy6QcwZg=":{"valueMac":{"type":"Buffer","data":"22L4aXPjY6YVvEA4AQvffFcGjiSRYWCPnC/1R+k6Sbk="}},"cqmoboQKuvym11awvY0QjbnitMdnmKlzvBil2dnb7Y0=":{"valueMac":{"type":"Buffer","data":"3SuubfbFYxVqRUNw/KOvbvpkPyLMH5qNYmz066zY1hQ="}},"DaDJSE7NeGZODME3RvtJSHdvg0FuOl/DSXPS301XOsc=":{"valueMac":{"type":"Buffer","data":"fH9yHZjmplnkrwSduyx6JPVEkxLuQjgXGOjYcOr3Dzw="}},"z4fZrh3iLK7YZj04cLgLcKh5KPZSyBc7yaaDR1JhLQU=":{"valueMac":{"type":"Buffer","data":"dwe8TE2IEQ45rbqMDmzQNpLdBhjPkf5LmQrminHDSPA="}},"0qrvmv0Xe4+NETHAz51J7rLa0bWvz/XCGwdKbQb0Uv8=":{"valueMac":{"type":"Buffer","data":"mWyOy+OOan4lMdyZZ5dpHochy3BlXtC0IUe9YJBv1i4="}},"HdmYKw9e6bVIr4Q5T5pyrTc4CYWG/3wJH4oINDTC0gA=":{"valueMac":{"type":"Buffer","data":"zAtaQc9zxzr9d/NxZRVFRBKeRQclZVhp6v4hYEbc590="}},"UOXfPpjyItV1MQYC4o3FUGOpx8xH9agAhi3JqDKfM/0=":{"valueMac":{"type":"Buffer","data":"ih4UnvVSa2rkt55VhcCL45tQSP35oQSsrPko6Y++R6Q="}},"mWJsCtGM2gGQxlG1fC+ULYLVOIXzwkxMsa/G8UxoKFE=":{"valueMac":{"type":"Buffer","data":"c75q0Eg5VLg9DkfjCRXXu4j5NCNYasikN1hLuLShMmo="}},"QtbjVmdUyWDEqTsQSl/KUYZUXCuUHc2ogN2RbxOf1l4=":{"valueMac":{"type":"Buffer","data":"a/Jyv6lfwOsWjdJWMVuFKyopNtvxc15YH8eyOpYpwfA="}},"we9txr65WNQ444mzIz/rtRMygSrbFJFakDGNpSiW0Mc=":{"valueMac":{"type":"Buffer","data":"SacDfYh+/30166FDCBH5Gx0D/Oj3C/GnkCkCDf2LAHI="}},"+XI5AE6iA9MUFmXZtd4yMusocgUKOZj8m1A2RgZoKFY=":{"valueMac":{"type":"Buffer","data":"dGjDaPDnkAoeolf/YUS5K3gOElpuu2i/iDE/Aeh59mE="}},"UDFlzVjaud4cWI8zEVY9bZS1fsQ8rQ1eBoQfwHB4ueA=":{"valueMac":{"type":"Buffer","data":"By9/9mIbk/Q1HZ3EYrfjX5HS5Gue83PPujTCbAJ3ASQ="}},"nmuS2KxJsxGX5NM9Pq1y1cG9KDsla87gR/jBN9fUDOc=":{"valueMac":{"type":"Buffer","data":"HoDXiHt9MtvL7kizEp8bDmXc/YS04kW4qVRcCi2cgwc="}},"VgmTRzP1ESrsZen7sJi8t3mzhLDcB9qkYcn6xI8z0qI=":{"valueMac":{"type":"Buffer","data":"nhT7wFL6egPc/D9y2xa+SB99lANok3qgRNWCTXaVHaY="}},"BVtxc5v8Be7Tuhf1/q4AY67K7zOZKrOiZX85XdDWChk=":{"valueMac":{"type":"Buffer","data":"iDy1ZNNyapDWte22hfxEW9xrIIWayvNuPvCRqerUFvE="}},"YWkngdFAwfjTBks6Tpd663UmGJtiX5kGTXmLYDnFQ+8=":{"valueMac":{"type":"Buffer","data":"hXlcjwC5xqffilTn/GBNxC4nddZRy3XExjEQcGxux6g="}},"yFUBqViDclEXZTh9PZj/XQ/xkuw5Ao0Y/vCXNVJ8HK8=":{"valueMac":{"type":"Buffer","data":"7cyYrjiNIT738zBCz4+sC/G7DDL4PFyBGHVTQyF91iw="}},"CZ9/tgD77nm0Zej9JEBDQKegKwJDZ4pVtRICggMqQL4=":{"valueMac":{"type":"Buffer","data":"N/mSxUe4SoGbrUQsCigFVYfF6cvDLaGnkwsQRnnuCHo="}},"Se/zQRcnPOZOme63P0nhC+YOJ6tVVEepo4AMkZY5SQ8=":{"valueMac":{"type":"Buffer","data":"l3tHtiIR10QAMmTUpMgkVqybu6W1zP1UMYo5j09Z7lI="}},"VnpBZWTWLU7ufVhG1/Tu3CUh0I1NIkWeFhAh36K5MKY=":{"valueMac":{"type":"Buffer","data":"NB7F9qE8V8gOq2akZRTAB+oIYrVk7R2MDMUMkXnnEXU="}},"RPDrBC0mFp6LAyxJkBFrhzkXulJPAaH84r/+uXRyVPw=":{"valueMac":{"type":"Buffer","data":"kdl2gkLbRPVzpUNr1hL3hZMyo3oUXQI+bFQ2isI8Lvg="}},"sfSm6XaPCuHu0PeI6c4B9qfBEW1N4UMrwGY8Lu67gGM=":{"valueMac":{"type":"Buffer","data":"k6otShZqcGt7FDYrKaMADTiHTl6r+pkdKtFEq1/Ejeo="}},"bKu9UrKPz6YM4SNj0rrk/v/nl4kqh091V+4GEAHN/fI=":{"valueMac":{"type":"Buffer","data":"h+uLdVSDsq1u3ShBIxUckX33jDj8xx2hX6P9f0P3u7c="}},"H3FOeADHeNrf1JiiZOXGss9pG4aL6hhjQ/SkhRtW/T4=":{"valueMac":{"type":"Buffer","data":"DiEi6/p+T1zhN4+duRauEkH4Etnkq/gLg2hlxF9bJs0="}},"awp9t99u09x4YCFLYOu0ZMCEq8ZEnQBcm3XazAlsDbk=":{"valueMac":{"type":"Buffer","data":"xzIdiYO4GMybbqTa0zE2a5fYcuez7KhvwcBX8BsIJXQ="}},"Z2EhxS/78Z7NtdCNni1yVOdMlmzW0UsGTojtM//7ILQ=":{"valueMac":{"type":"Buffer","data":"NjYLKdVaD3oMGWNoDhmMc+UUxSX3WH3+UjmXRNTi5wk="}},"r6+R6LUEiUvwlAQFi509iicZfaDrypqmAYPXZ8wmMpI=":{"valueMac":{"type":"Buffer","data":"uuNuuDGr2U6TEHmxMHYcpt8uP1FELCGvYLFXQImPOow="}},"B1WRkk3YSSjngU0BTmZil5EUliBur4JPc3yfbEw2tkY=":{"valueMac":{"type":"Buffer","data":"x0xffKREq479lat8dgFOqdLDqRG9tcfGA2t4Vb1fI6w="}},"PAX7GByhQMUCEk4FAxpHENC2OCiOugE+YhqNubQmvtI=":{"valueMac":{"type":"Buffer","data":"UMAchiqttpl3AF/wiFPmL2s7q34e+2TN0vs9q88VKVk="}},"8D2xbAUHBNwQv7LDdOnmjQgKdN/ss1iC+wEaLs/QsWA=":{"valueMac":{"type":"Buffer","data":"XPujSlNGXuFRB2j8GhYi/eJJ/6Rbz3Z/hDyM8vlsvqg="}},"c0l3KWmpR0PePwDCf7NquamRyWW6frkPs3TpQpEIdhU=":{"valueMac":{"type":"Buffer","data":"wT8CxznaaAWOi14yJDYpXLvpfI7mp1URN5OcgwtDvQQ="}},"5v1y3Eq9HfLUfjpA5i0pPXJc5VTnHrPV4iapIWBkpg0=":{"valueMac":{"type":"Buffer","data":"rL6f2bi5r7D0HJiTXqHWs5XDk0idFXjiFEqc4LLvXtM="}}}}