{"version":3,"hash":{"type":"Buffer","data":"xJPdovYeKFCi3upa8bwRPjdz/QrKfY0FBzCwjWqoR3u9WMD2zDL0vuuK6w4nqjV5DsRXsQKAo5lwN6t+I54RklD/T8kFRoMZAbr+Gml46h4LZOGESfej5qKndOm0ET92ZgDNvydh8HlRnB9jNhA2IbLMif5TKUnaUiskuFc14hQ="},"indexValueMap":{"oFnH8DaZFRrzcVVeJ/xRNJUnfc9Li2jpBuM+s5yEbps=":{"valueMac":{"type":"Buffer","data":"I5jjXGuJpC2tdwMR6i20wLngYtHe1wlRZRYGCMZH16Q="}},"q+sdiEx4r5CUMS4UZqZHGXal2CBpKj09DNX9HTO7VEM=":{"valueMac":{"type":"Buffer","data":"DhGMd77Nakzi/hd7DfMQxCN6Uy6s1fTRqA6Qm57twx4="}},"p3jtptedsDa07FXR/5Jny8TVvIMEsqUrAXu9OBpOeU4=":{"valueMac":{"type":"Buffer","data":"RuRJp0U5qAFtWV4P7TW3sx1n2yYW2W3hnOUpnsFN1rg="}},"rcIgtgDzjV/LZ1UROB/HPM6m2bcIbQRe2UR8cwoxvDE=":{"valueMac":{"type":"Buffer","data":"cdu659GQH4hzdItHcMuaX8LN9pyIARiwbnMBEduViyQ="}},"glNSlHrcKLdmO/bygpkQLcXRVRjNlnW7ZQsoBXFd/iA=":{"valueMac":{"type":"Buffer","data":"3wEqL5suWKOBaGvTvMdlJuBrYTeo0wsv8/YABbn+KWo="}},"Tod4UF7piGZJlZ/iKe1yg7H48aHfGuC8/DUphZ1Ru8g=":{"valueMac":{"type":"Buffer","data":"1ceTYNUPEr1rEbO7OvRxxLbehScxGyx0+LH0RCJZQ8o="}},"YFYPu1/jR1FWELaxdVkK6Z61wqFo7g1iUqrWkZDgzBc=":{"valueMac":{"type":"Buffer","data":"/mGWTRAbvp78d9eUURPgQ9JdCIopKIl/3/ifbapRM3Q="}},"DxqhlHQ4SwESGToeM87HzwMmej3okM/93VkDJUq1+t4=":{"valueMac":{"type":"Buffer","data":"W5oNkDf/+5ZxgWZ4WbUQqUVnOyYjB3FNnTd8p/SQNp8="}},"v6/qgX4zyK1zQTPIIQwFnReRMHOvvNNtyd7Wt9MuM2c=":{"valueMac":{"type":"Buffer","data":"gZTbnyQVWi+7egSBCL6bvIm3Mg+Vg5Fref/r4RElwXg="}}}}