{"version":3,"hash":{"type":"Buffer","data":"/4eFMYexFS9vZcnwc1K5V1Qj0HafICnr/VA6fQvyOFjjmEus1o0iAwECI1x48bLVnwnltGP42p4h6XIaZslThQy1S5kgvrVlNG47ZP0egt3vWhDAo9Xdw7wKU1zqmzIjvYQrMGNwUJ6t6NWtb0uucpH4B4fMrEOy7RGeMJqKL/E="},"indexValueMap":{"Yah7WS82M2RTRAolYnyH6kxKNocyCgLwLYpOgNAOr/s=":{"valueMac":{"type":"Buffer","data":"3lK4WU6pu/8TAGc26EuqYfVObt+JXFbq2Zr0gSvM+ag="}},"k7pikTLSgNrG0U94kcA/4LLYoST1Se8EVpAHSyONJ6o=":{"valueMac":{"type":"Buffer","data":"IVYfY7Y20CiOFrtmJSRFF/7a31ev0bi72wojNLE63dE="}},"rcapKNp28I6D9GzpuDY8F4ZllkOQ7Jd6KMwdnt4rja4=":{"valueMac":{"type":"Buffer","data":"8iw7fOcPFo5xX89A6Zv1Q0jw8YTtdQ1IBs0mZmbxrwM="}},"wHx/fSeTWVa2mlGuy/OpUG4U5Aixh5jW5Ws6CTru6Nw=":{"valueMac":{"type":"Buffer","data":"aWnbkjfa2fvCYZEezWldQG8N07OI0KMSvM7MywAyY8s="}},"8vV176C1Xi7kEJAXCEx8hJ1CgkVYvbYN/ACBi8FqXxU=":{"valueMac":{"type":"Buffer","data":"HkCng7SQWA9AwLFULcDufrYtpMhzMIhHXv+AUJiF2zg="}},"dM5eJyVFipF3DfqcV0AFZ4Yv2gx/X8ikNs2nD6B9ulY=":{"valueMac":{"type":"Buffer","data":"jS2trwp3BnmHqfkMKRFhmwxqH7mkTtU3JnplNDnxdDM="}},"psFHqHEBLG+S6VMtEt0QHpRSNbLNULxAThlmjPjy65M=":{"valueMac":{"type":"Buffer","data":"+Xzgc4Fz/TWo+fJljR8ySGTlp9edFTdpQA5AB7n1Uwk="}},"p2CXk8U9Lq6OOljWByC+DItYZJags8kNZnA/smMk2jE=":{"valueMac":{"type":"Buffer","data":"LOqM5igzgmlB0j9rph5utx5AdRYQIHuLCd1FUN9sYz0="}},"xPpKTksD3zViAslvxiHkCNNtbbZAkUNUeZdTyYOAbmQ=":{"valueMac":{"type":"Buffer","data":"+UPWAdyvRtzUexHI7fYNLVycIbn7mot2xwFwKt0KEHE="}},"eUWy7L3QnYrzBzufOOK6yDy0+e5k7Q8rkw3nnqxXrZw=":{"valueMac":{"type":"Buffer","data":"Dcyz5nyAgskbRHOiTwB8PhRaEeH3kga08vQ9ckEtW9A="}},"CT8avm1FrxzIPvveuSX51S2ylZQmNO16CRTN14PlQKE=":{"valueMac":{"type":"Buffer","data":"U+wbmHAGv1/W5qFJueOXhSmVuiM35oldqL7okfsn444="}},"mWspicP1DmMcB4vUtO2bYwZFQq43Tq4na9TB6RgIuOM=":{"valueMac":{"type":"Buffer","data":"+rK8l0n9EonLclvx1+in/r6Auga20l1RzglqOpx5Ndk="}},"jylASlYPUATKNqxADrElKMGSf+seSfQn7MArxM3NUKA=":{"valueMac":{"type":"Buffer","data":"6QNnu9tZ4C4P6rWDWJ7jmH0ceOMijZzNNz/SbxnwLWI="}},"e73bVLxscSslOhzvCk+yf+TLqpTqADRCuqu1qleVjVw=":{"valueMac":{"type":"Buffer","data":"eNzkR44HbUn5+FsBNPX8FoKlu8Ao+0vKQy2sSUgMe8o="}},"q2Bn3wcRJewy4NwpTUMic9V3RbZwYRyejBU5brAzNS8=":{"valueMac":{"type":"Buffer","data":"hozZLrYiZV86sYOrcPunxlxntoBKiYfwMQz6BP3hs78="}},"uVgcZCZWKOpfgremfxW0mYAK91XHWjDKq5spfj3RLZo=":{"valueMac":{"type":"Buffer","data":"A7Sciu4h5hLdNyiKxJKPWUCNuZDDwP5GrSzjkg7Bfhs="}}}}