{"noiseKey":{"private":{"type":"Buffer","data":"kKxA+thUdDiwH8rA5ErGj3Vdv8OgofQ9LSM3D5OC40k="},"public":{"type":"Buffer","data":"RkHkFyiVahf2Xm8+RlJpLfo0eZh3zsFq90co9CUqYUA="}},"pairingEphemeralKeyPair":{"private":{"type":"Buffer","data":"2PjLBbqfl+SUZfESEV7kV8rcB4OfOg1UEiKwX4U/a3E="},"public":{"type":"Buffer","data":"CNiaR2vh56SxYKJYXNKliPRuRrHAs1v2bvhoSKF8+ik="}},"signedIdentityKey":{"private":{"type":"Buffer","data":"CDDR0T9RBBcv0DubxAb/uYf8R1V/ZJ9w91vwAPrZXUQ="},"public":{"type":"Buffer","data":"2L3j2jXU4eJj1M308I878YXYZsbgkY3Fl/eOhqjjaxU="}},"signedPreKey":{"keyPair":{"private":{"type":"Buffer","data":"kIu1pkhoBhfhpdFgpYwm/rAvH3Hi61FR36jlreSpRVw="},"public":{"type":"Buffer","data":"FUK1p2AkDLDAIrjrtBhzl+YgMnzOciFWl3u343sosHs="}},"signature":{"type":"Buffer","data":"jWrChy/A/J72nKrBIdAnxrvcj8hHTzNqJ4eTeaNW5Z7N500xHg5vxrLuSW+x85/+9PWr0VLO96yb3BKzua6CAw=="},"keyId":1},"registrationId":173,"advSecretKey":"JhcIw61E/Ky6wTiUb6nCZzwxjxnqRT5ut+BsfGMowio=","processedHistoryMessages":[{"key":{"remoteJid":"2347063179648@s.whatsapp.net","fromMe":true,"id":"3EAB8AD5DBB4328DD6EFF0A8513C491C"},"messageTimestamp":1748884905},{"key":{"remoteJid":"2347063179648@s.whatsapp.net","fromMe":true,"id":"CC6334C04725C573BE2C6F037ADC495D"},"messageTimestamp":1748884905}],"nextPreKeyId":61,"firstUnuploadedPreKeyId":61,"accountSyncCounter":1,"accountSettings":{"unarchiveChats":false},"registered":true,"pairingCode":"LYWVPXS2","me":{"id":"2347063179648:19@s.whatsapp.net","name":"Hisoka MD","lid":"206146132553938:19@lid"},"account":{"details":"CO+V1qwHEKK798EGGAMgACgA","accountSignatureKey":"bj8H0ujoMNDfKF893sIpn3DSlio3Ubyi1plTXUxqNXY=","accountSignature":"uD7AixxgZmLAbjGW2brPzpaHOjOU0egLKgsR85pZ4kdliTNX7wMa65Ro7jlp0HD8ps67seUmoYsr2kuw4r7vAQ==","deviceSignature":"E6REvoohlhiTcjLj9xfXSd0SNxV6HC+DZHvG/VpV480wAY4RvzC7shW+GGzqreqsBGB8g1XrGTC+MVr3/q6cAQ=="},"signalIdentities":[{"identifier":{"name":"2347063179648:19@s.whatsapp.net","deviceId":0},"identifierKey":{"type":"Buffer","data":"BW4/B9Lo6DDQ3yhfPd7CKZ9w0pYqN1G8otaZU11MajV2"}}],"platform":"smba","routingInfo":{"type":"Buffer","data":"CAkIEg=="},"lastAccountSyncTimestamp":1748884903,"lastPropHash":"2P1Yhf","myAppStateKeyId":"AAAAAFwD"}