{"noiseKey":{"private":{"type":"Buffer","data":"UHLaZJwh+i/N1VKSsV5eKj3oZcN36FJYbFO7GYILTkI="},"public":{"type":"Buffer","data":"m52STdNf4Bu1teEiZmaE9DX4ytz/QB52QxXUkdndRSs="}},"pairingEphemeralKeyPair":{"private":{"type":"Buffer","data":"wOFT4lYb3duNYDexX98H4jZGU0pXBiqK2FK/3YeRS1k="},"public":{"type":"Buffer","data":"zSw5ofVV6Xf6XNlxzYeyMSQtdbU7fBnI7D1/cQ9nsjI="}},"signedIdentityKey":{"private":{"type":"Buffer","data":"UHly+Evy6x6Tte1FOu5yIyzbl55fyiUVYx9jsBQ0TXY="},"public":{"type":"Buffer","data":"unVAUZUg5BpYhjmqFrrSDWkDLzsHpekAkQz1wIYOHz8="}},"signedPreKey":{"keyPair":{"private":{"type":"Buffer","data":"yIKjk5fxkLCsY7EJNXd4HCw/ADj+cphTs1R61fe5z3Y="},"public":{"type":"Buffer","data":"hmPEim8YOwO3bcLfkXOWFBzIb1h6izj04tlq2HVahTM="}},"signature":{"type":"Buffer","data":"9TuOoBDpP8gRI+8cDYPyrSvBbOC8g7iQIcNCTOJO+f83X8s9SsulVbPj0CHF/gzPziO0oK5ipFM7Je4e8nOMgA=="},"keyId":1},"registrationId":104,"advSecretKey":"nGSIKj+AqDR1HwX9CgyanVyaA8pbMbwU7mwXo5EyTrw=","processedHistoryMessages":[],"nextPreKeyId":61,"firstUnuploadedPreKeyId":61,"accountSyncCounter":0,"accountSettings":{"unarchiveChats":false},"registered":true,"pairingCode":"P4ZZW9MR","me":{"id":"2348121306075:2@s.whatsapp.net","lid":"148808285569076:2@lid"},"account":{"details":"CP7f5PAGEKD0+MEGGAIgACgA","accountSignatureKey":"ohLmxS6uJU4T4p9PcGJAf3QbcxSJJ6XKK4B4t5U44lw=","accountSignature":"Fni39qDY3/bTHqeMU18KssGpVSu4mr2yGMgiauy80Wqd8veFMP+p56fVehujONREBPd7zwkY4QXsfx18I7XwAg==","deviceSignature":"r8unO5akZ/lfY1WHQLoWz+u0SgHrgOY/DseU/+RLF8OipRuWaJNyHHOqTmPa7ylwwMH+xFrjEiXtG7L5Fp+ygA=="},"signalIdentities":[{"identifier":{"name":"2348121306075:2@s.whatsapp.net","deviceId":0},"identifierKey":{"type":"Buffer","data":"BaIS5sUuriVOE+KfT3BiQH90G3MUiSelyiuAeLeVOOJc"}}],"platform":"android","routingInfo":{"type":"Buffer","data":"CAkIAg=="},"lastAccountSyncTimestamp":1748908581,"lastPropHash":"2G4Amu","myAppStateKeyId":"AAAAAHHa"}