{"_sessions":{"BbCwz9FqG0mqWoB2/ajGTD7SXiTaCElWFzIMiM098E47":{"registrationId":1581361373,"currentRatchet":{"ephemeralKeyPair":{"pubKey":"BS774agMQEQhqxce+0u2+8/yKh2VhFZjf02xwMRIvZUN","privKey":"8L2DnAwa64+ehFIi+9CNveu9qzsQgOOgozk3B2p7skE="},"lastRemoteEphemeralKey":"BZbZsEYTrFzNBPfj9atNyTgLFKlqKTxmUgCxYvAykFk5","previousCounter":0,"rootKey":"VwFgjGQwTOPbUPZrHRCJHeSZCyN5jO2JZhBl/Whm318="},"indexInfo":{"baseKey":"BbCwz9FqG0mqWoB2/ajGTD7SXiTaCElWFzIMiM098E47","baseKeyType":2,"closed":-1,"used":1748908582600,"created":1748908582600,"remoteIdentityKey":"BaIS5sUuriVOE+KfT3BiQH90G3MUiSelyiuAeLeVOOJc"},"_chains":{"BZbZsEYTrFzNBPfj9atNyTgLFKlqKTxmUgCxYvAykFk5":{"chainKey":{"counter":1,"key":"nLo8j/2rE9Nb8M/evQABvKVrJxDrjK0uh4kvQpgtKo8="},"chainType":2,"messageKeys":{}},"BS774agMQEQhqxce+0u2+8/yKh2VhFZjf02xwMRIvZUN":{"chainKey":{"counter":-1,"key":"RGkSE6ZnQgdqccR16PO9Tn/qg2bLOUfj03IZ9QOPvVc="},"chainType":1,"messageKeys":{}}}}},"version":"v1"}