{"_sessions":{"Be4J7SBCTw5JCcdh4YUiu8Lg/DM8wQR84ghjOruSa31l":{"registrationId":1373257399,"currentRatchet":{"ephemeralKeyPair":{"pubKey":"BdEVoPNjTsrn/jwNjUVnY4idD4eSeUAy1GZTCrgxaw8v","privKey":"GKbO9e6p0rI8AH4lUaOYQdAAlMslYKZdHw+A8IxqVFA="},"lastRemoteEphemeralKey":"BayP0C/QGjbBTpyUJY/oy3RQQxQmjC3tdS8pumqqNON+","previousCounter":0,"rootKey":"/LUHJUPa5jlFyZXrICIBnH2Lsz5RhtPyYnCVM32So34="},"indexInfo":{"baseKey":"Be4J7SBCTw5JCcdh4YUiu8Lg/DM8wQR84ghjOruSa31l","baseKeyType":2,"closed":-1,"used":1748884903984,"created":1748884903984,"remoteIdentityKey":"BW4/B9Lo6DDQ3yhfPd7CKZ9w0pYqN1G8otaZU11MajV2"},"_chains":{"BayP0C/QGjbBTpyUJY/oy3RQQxQmjC3tdS8pumqqNON+":{"chainKey":{"counter":5,"key":"xitPD4xY264OsVUjN/q+V+9TXHkwzZvy555iaBall1g="},"chainType":2,"messageKeys":{}},"BdEVoPNjTsrn/jwNjUVnY4idD4eSeUAy1GZTCrgxaw8v":{"chainKey":{"counter":-1,"key":"LR5fF5wvKFLkndQyGTxiB/7SAdVMRkIxp5nKlkZqS0U="},"chainType":1,"messageKeys":{}}}}},"version":"v1"}